1,16,SECRETARY PLATOON,Alfred Cooper,29.99,0,452,2
2,4,SLEEPING MOONSHINE,Freddie Hedlund,17.99,0,283,0
3,16,WEEKEND CALENDAR,William Cranston,22.99,0,389,1
4,15,REAP JET,Gwyneth McKellen,11.99,0,540,0
5,13,DOOM MOULIN,Kathryn Goldwyn,19.99,0,942,3
6,10,WANDA BALLOON,Casey Okamoto,18.99,0,326,1
7,14,LOVELY HUNTING,Meryl Del Toro,13.99,0,267,2
8,7,DOOM RUSHMORE,Richard Lopez,18.99,0,122,3
9,11,TUXEDO SEA,Sofia Janssen,10.99,0,550,0
10,16,WARLOCK RULES,Lily Hinds,15.99,0,817,3
11,7,DARES PHILADELPHIA,Kathryn Zellweger,15.99,0,92,0
12,9,PARK GRIT,Spike Leachman,19.99,0,340,1
13,9,DUFFEL SOUTH,Taika Reitman,22.99,0,315,1
14,11,DUFFEL PANKY,Vin Moss,13.99,0,957,2
15,3,DADDY BEHAVIOR,Mackenyu Elba,10.99,0,141,3
16,16,CARRIE SHANE,Bryan Ford,12.99,0,894,0
17,14,EGYPT COMMAND,Simone Butler,28.99,0,508,3
18,7,LEBOWSKI SMOKING,Liam Buscemi,28.99,0,853,2
19,16,NAME ROAD,Donnie Vaughn,14.99,0,552,1
20,7,VACATION CHISUM,Maria Johansson,19.99,0,757,1
21,13,POSEIDON EXTRAORDINARY,Ginnifer Odom Jr.,14.99,0,473,3
22,7,LIBERTY CLOCKWORK,Imogen Vaughn, 9.99,0,351,1
23,14,PRIMARY FLIGHT,Vera DeGeneres,21.99,0,422,0
24,16,RUNNER BONNIE,Anne Garcia Bernal,28.99,0,732,1
25,7,DRAGONFLY DREAM,Mickey Faris,12.99,0,601,2
26,16,PIRATES CLUELESS,Amber Egerton,19.99,0,255,1
27,11,INSIDER MAKER,Norman Smith,11.99,0,18,0
28,12,FATAL CLYDE,Ludwig Yeoh,12.99,0,880,3
29,15,DRUMLINE GHOSTBUSTERS,Shah Jackman,22.99,0,101,2
30,14,ROCKETEER WONDERFUL,Rupert Fishburne,22.99,0,656,1
31,5,MONSOON TRAINSPOTTING,Clint Keoghan,21.99,0,175,0
32,10,VACATION PAPI,Rita Holland,28.99,0,244,3
33,9,SCORPION SHIP,Jesse Cooper, 9.99,0,761,3
34,13,THIN HOLES,Corey Cassidy,29.99,0,683,0
35,2,MERMAID FIRE,Natasha Farrell,13.99,0,116,0
36,5,PRIX POSEIDON,Joe Ali,27.99,0,655,1
37,15,WITCHES REBEL,Jurnee Rashad, 9.99,0,655,0
38,4,FRIDA ROCK,Elsie Grant,29.99,0,561,2
39,15,DETAILS TROJAN,Charles Taylor-Johnson,25.99,0,169,1
40,1,CONVERSATION MAJESTIC,Viola Gurira,22.99,0,724,0
41,8,MAGIC SWEETHEARTS,Connie Olsen, 9.99,0,551,1
42,9,BREAKFAST BOILED,Brian Dern,24.99,0,25,3
43,13,HOLES PAJAMA,Dane Bang,11.99,0,581,0
44,10,APACHE LORD,Jurnee Rourke,25.99,0,198,3
45,11,PULP DANCES,Frank Walken,25.99,0,546,3
46,9,ROUGE GONE,Glen Jolie,10.99,0,396,1
47,11,BULWORTH MAGIC,Walton Reitman,28.99,0,764,1
48,7,FOOL DANCING,Andrea Gurira,17.99,0,992,2
49,11,PERDITION LUCK,Greta Lopez,26.99,0,828,0
50,9,FIREBALL AGENT,Andrew Stallone,28.99,0,813,3
51,11,SCALAWAG DORADO,Rebel Buscemi,10.99,0,140,0
52,3,GLASS SIERRA,Owen Temple,27.99,0,275,1
53,1,POCUS BULL,Emma DeGeneres,18.99,0,149,1
54,12,CALENDAR NOVOCAINE,Kristen Mosaku,23.99,0,691,1
55,6,BIRDCAGE KENTUCKIAN,Matt Johnson,23.99,0,556,1
56,8,DIRTY CIDER,Ray Pattinson,17.99,0,986,2
57,4,RIDGEMONT UNBREAKABLE,Kaley Pryce,24.99,0,165,1
58,13,MOCKINGBIRD OLEANDER,Saoirse Driver,18.99,0,301,0
59,9,CLUELESS MANNEQUIN,Freddie Thompson,17.99,0,31,0
60,16,BRIDE OPUS,Ann Norton,28.99,0,798,1
61,4,TITANS PRIDE,Mackenyu Latifah,10.99,0,853,3
62,16,CURTAIN VOICE,Dominic Barrymore,10.99,0,160,1
63,2,BIRDS SAINTS,Olga Eastwood,14.99,0,373,1
64,6,HEAVEN HOURS,Ben Rickman,29.99,0,621,2
65,8,BUGSY DORADO,Austin Hinds,12.99,0,139,1
66,12,HORROR EXPECATIONS,Tilda Cena,14.99,0,168,3
67,14,SIMON SWARM,Sophia Clooney,13.99,0,659,1
68,4,CRAZY VIDEOTAPE,Ken Seinfeld,10.99,0,972,0
69,7,VOICE CENTER,Gerard Robbie,12.99,0,483,0
70,10,DUMBO LAMBS,Tatiana McKellen,25.99,0,70,2
71,4,NETWORK OPPOSITE,Leslie Li,17.99,0,410,3
72,10,BIRCH RAGE,Ann Reeves,20.99,0,841,3
73,4,CHAINSAW AIRPORT,Richard Ford,17.99,0,393,1
74,6,REMEMBER BILKO,Lauren Aduba,24.99,0,127,1
75,12,INNOCENT PAST,Danielle Olsen,17.99,0,982,1
76,3,TIGHTS GILMORE,Emilio Ackles,18.99,0,587,1
77,13,DRACULA BOOGIE,Jennifer Brolin, 9.99,0,468,2
78,5,SUICIDES RUGRATS,Katie Mbedu,16.99,0,222,2
79,12,HOMEWARD DOLLS,Vanessa Daddario,21.99,0,957,3
80,16,STRANGELOVE WESTWARD,Benedict DeVito,21.99,0,210,0
81,15,RACER METAL,William Kier,16.99,0,570,3
82,10,MINORITY DESTINY,Matt Cavill,28.99,0,844,3
83,5,MAJESTIC KING,Frances Dafoe,12.99,0,546,1
84,5,HATE BULL,Frank Gyllenhaal,12.99,0,812,0
85,5,PANKY DRIVING,Lily Cassidy,22.99,0,736,1
86,3,CONGENIALITY HOLLOW,Paul Barrymore,18.99,0,935,3
87,1,SWARM HARRY,Tilda Fishburne,24.99,0,291,0
88,15,SNOWMAN STRANGERS,Javier Boutella,28.99,0,586,2
89,8,MAGNIFICENT GRAIL,Aaron Purohit,23.99,0,53,1
90,6,LABYRINTH ENOUGH,Wunmi Brunson,29.99,0,276,3
91,4,ENCINO PATRIOT,Walton Faris,16.99,0,66,3
92,2,RULES TYCOON,Greta Margret,13.99,0,103,0
93,8,DELIVERANCE SPIKING,Evan Swinton,13.99,0,421,0
94,4,SIDE STEPMOM,Antonio Birch,19.99,0,345,1
95,10,OTHERS PHANTOM,Kyle Hudson,18.99,0,154,3
96,2,STING CRAFT,Jet Gadot,27.99,0,370,0
97,14,HUSTLER OPEN,Rose Arquette,18.99,0,886,2
98,1,UNFAITHFUL FREDDY,Rami Krieps,16.99,0,204,3
99,8,MANCHURIAN MASKED,Brittany Fisher,10.99,0,432,2
100,2,MOURNING SNOWMAN,Shah Driver,20.99,0,876,1
101,5,NEWTON FREAKY,Imogen Sharma,16.99,0,923,0
102,2,GRAFFITI AMERICAN,Jessica Banks,16.99,0,765,1
103,4,ALI DRUMLINE,Alison Ronan,29.99,0,270,3
104,5,PERFECT TIMBERLAND,Humphrey McAdams,10.99,0,235,1
105,3,DOGMA REQUIEM,Allison Gadot,16.99,0,76,3
106,1,CONGENIALITY STEEL,Jerry Kurylenko,21.99,0,263,2
107,7,BEACH TITANS,Diego Dafoe,29.99,0,834,1
108,16,OZ MARRIED,Sarah Holland,20.99,0,143,2
109,4,VIRTUAL COMMANDMENTS,Robert Bell,27.99,0,309,1
110,5,CURTAIN FIGHT,Charlie Stallone,21.99,0,355,3
111,12,ANYTHING SENSE,Clint Borgnine,16.99,0,612,0
112,5,MEMENTO TITANIC,Meryl Staunton,10.99,0,722,3
113,7,FLIGHT HELLFIGHTERS,Melanie Rudolph,28.99,0,513,0
114,1,LEBOWSKI HAWK,Vicky Streep,23.99,0,55,3
115,15,ANACONDA DRACULA,Andrew Bening,28.99,0,917,2
116,8,FIDDLER SCISSORHANDS,Suraaj Grammer,23.99,0,691,1
117,8,CURTAIN CHAINSAW,Charlie Mbedu,11.99,0,38,0
118,12,GOLDFINGER TRAMP,Judy McDowell,27.99,0,578,3
119,1,TREATMENT CASPER,Jacob McAdams,15.99,0,781,0
120,10,NOVOCAINE BALLROOM,Sam Wiig, 9.99,0,414,0
121,16,PRINCESS LOST,Colby Banderas,26.99,0,791,1
122,2,PARIS FRIDA,Stellan Aniston,26.99,0,478,1
123,4,HOMICIDE ALASKA,Yvonne H. Macy,17.99,0,957,0
124,6,INSTINCT STALLION,Rami Kudrow,10.99,0,804,1
125,9,HIGH MIDNIGHT,Angela Spacek,28.99,0,76,3
126,10,GRADUATE FROGMEN,Christopher Swayze,23.99,0,594,2
127,6,LUST FIRE,Doug Lyonne,17.99,0,765,0
128,5,SCALAWAG BORROWERS,Albert Liu,29.99,0,867,0
129,9,LANGUAGE JET,Dennis Hammer,10.99,0,121,0
130,6,LOUISIANA TAXI,Jaden Ali,24.99,0,992,3
131,1,GRIT WATERFRONT,Jeremy Driver,14.99,0,16,1
132,4,KISS BAKED,Colby Damon,24.99,0,565,3
133,6,LIBERTY COMA,Liam Malone,12.99,0,608,2
134,3,CONFUSED STEPMOM,Eva Busey,25.99,0,542,0
135,2,DRIFTER STRANGER,Viggo Hahn,27.99,0,165,0
136,4,FORWARD WIND,Rupert Cumberbatch,27.99,0,387,1
137,8,POSEIDON HOLY,Thomasin Bang,15.99,0,43,2
138,7,PATRIOT STEPMOM,Andrea Molina,28.99,0,418,3
139,13,YOUNG INVASION,Cary Sessa,19.99,0,337,1
140,6,CROSSROADS TORQUE,Antonio Rogen,19.99,0,115,1
141,3,IGBY MANNEQUIN,Cary Rogowski,16.99,0,768,1
142,15,JEKYLL HEAVYWEIGHTS,Hugo Reedus,24.99,0,227,3
143,6,TADPOLE FORRESTER,Albert Mortensen,26.99,0,805,3
144,14,FLAMINGOS COWBOY,Selena Dinklage,25.99,0,635,3
145,1,ELEPHANT MAGNIFICENT,Jeremy Kazan,15.99,0,223,2
146,1,SPICE UNDEFEATED,Glen Ventimiglia,22.99,0,991,2
147,1,SPICE HOUSE,Christian Theron,11.99,0,407,3
148,12,WARLOCK FORRESTER,Charlize Meyer,12.99,0,633,2
149,10,CYCLONE SPIRIT,Aaron Goldwyn,27.99,0,941,0
150,15,PITTSBURGH HAPPINESS,Benicio Lyonne,21.99,0,14,2
151,3,EYES ENTRAPMENT,Mickey Bloom,14.99,0,281,1
152,14,SAMURAI DIVINE,Cobie Kirby,29.99,0,523,3
153,5,WANDA LUST,Patricia Knightley, 9.99,0,288,0
154,6,EYES BOULEVARD,Jahi Bates,10.99,0,518,2
155,8,MADIGAN OTHERS,Ann Short,21.99,0,557,3
156,14,KILL HIGH,Ciaran Sandler,11.99,0,678,3
157,12,HOLLYWOOD MULAN,Pedro Spencer,18.99,0,789,3
158,2,GRADUATE RAINBOW,Jahi Sandler,21.99,0,268,2
159,8,BRIDE TWISTED,Wesley Dern,11.99,0,785,1
160,11,FREDDY DRAGONFLY,Drew Kikuchi,16.99,0,114,0
161,1,SMOOCHY NORTHWEST,Christian Thompson,27.99,0,980,1
162,14,NECKLACE SUN,Drew Kravitz,24.99,0,483,2
163,13,BILKO GRAIL,Milo Bobby Brown,29.99,0,166,0
164,7,DUFFEL DRIFTER,Selena Li,18.99,0,760,2
165,6,BAKED DINOSAUR,Timothee Novak,17.99,0,433,2
166,16,SCORPION AFRICAN,Tony Odenkirk,12.99,0,30,3
167,3,UPTOWN CHAMBER,Juliette Harper,25.99,0,62,2
168,4,TEXAS DINOSAUR,Sharon Shaw,18.99,0,516,1
169,14,GHOST SINNERS,Phylicia Levy,29.99,0,410,3
170,15,JUMPING BLADE,Neil Purohit, 9.99,0,76,2
171,10,DESPERATE CONVERSATION,Alicia DeHaan,10.99,0,860,3
172,2,IDOLS SEARCHERS,Chloe Keitel,13.99,0,708,3
173,5,VOLCANO MOB,Famke Christensen,28.99,0,50,2
174,2,SAINTS WALLS,Harry McClanahan,19.99,0,597,2
175,5,SASSY JAWBREAKER,Frankie Damon,23.99,0,805,3
176,15,DURHAM BIRDCAGE,Harrison Spacek,29.99,0,532,1
177,3,HUNCHBACK HOLLOW,Natasha Riseborough,12.99,0,286,2
178,16,MOON NEMO,Patricia Lerman,16.99,0,932,2
179,11,COAST BOILED,Jodie Kuss,21.99,0,335,3
180,2,DYING RUSHMORE,Patrice Hammer,11.99,0,506,3
181,15,CRAZY ELEMENT,Woody Hinds,20.99,0,522,1
182,15,CARIBBEAN PAST,Brendan Maslany,25.99,0,631,1
183,11,CLYDE CINCINATTI,Ron Mortensen,12.99,0,176,3
184,5,ZORRO GATHERING,Renee Bassett,17.99,0,197,1
185,11,SCORPION DANCING,Melissa Weathers,16.99,0,243,1
186,16,GOLDMINE SMOOCHY,William Diesel,26.99,0,617,2
187,1,GOLDMINE ARACHNOPHOBIA,Alan Tomei,23.99,0,63,1
188,12,REEF DAWN,Stellan Bobby Brown,17.99,0,842,0
189,6,MIDNIGHT HEAVENLY,Vin Sandler,22.99,0,198,2
190,12,JADE MADIGAN,Antonio Gruffudd,29.99,0,995,3
191,14,JERK EAGLES,Andrea Gomez,14.99,0,136,0
192,7,BACKLASH KICK,Jenna Kudrow,29.99,0,272,3
193,8,TIGHTS HURRICANE,Toby Bening,12.99,0,297,1
194,5,LUKE SEVEN,Freddie Faris,21.99,0,661,2
195,10,MICROCOSMOS VIETNAM,Billy Poesy,27.99,0,618,1
196,12,MAGNIFICENT ROSES,Taran Mortensen,25.99,0,974,2
197,16,HARPER TRIP,Keira DeVito,19.99,0,822,3
198,1,TENENBAUMS ARMY,Philip Olsen,11.99,0,466,0
199,5,DOUBLE GROUNDHOG,Simone Moss,15.99,0,504,0
200,1,IMAGE NECKLACE,Doug Reeves,18.99,0,482,0
201,5,MASSACRE COLOR,Alexander Ben-Adir,29.99,0,700,2
202,11,TRIP PULP,Jason Theron,16.99,0,88,0
203,2,MALKOVICH RAGING,Halle Fisher, 9.99,0,136,1
204,15,ALLEY SECRETARY,Cloris Van Dien,23.99,0,252,2
205,12,FALCON BOONDOCK,Jean Ingram,20.99,0,364,0
206,16,RECORDS ANACONDA,Danny Daddario,17.99,0,514,3
207,15,CONFESSIONS BUTCH,Timothee Crudup,26.99,0,860,0
208,11,CONGENIALITY STOCK,Glen Gruffudd,10.99,0,801,2
209,6,LEATHERNECKS SLING,Iko Grant, 9.99,0,611,0
210,15,NORTHWEST SHOW,Jerome Okamoto,24.99,0,657,2
211,8,WAGON SLUMS,Dennis Kravitz,12.99,0,594,2
212,14,CUPBOARD LAWLESS,Pedro Hawke,24.99,0,89,0
213,5,ATTACKS FRANKENSTEIN,Ingrid L. Jackson,15.99,0,92,3
214,2,CAUSE ANONYMOUS,Christoph Pugh, 9.99,0,676,0
215,7,WAR CHANCE,Gerard Ventimiglia,13.99,0,736,3
216,16,HILLS BIRDS,Gael Busey,20.99,0,879,3
217,3,MOB CALIFORNIA,Drew Tomei,25.99,0,999,3
218,6,PITY POTLUCK,Olga MacLachlan,10.99,0,651,1
219,10,CADDYSHACK WILLOW,Sonequa Lerman,12.99,0,1,2
220,3,DIVIDE NAME,Angela Brunson,21.99,0,976,3
221,16,VISION SPLENDOR,Maya Thurman,11.99,0,218,3
222,11,GILBERT COLDBLOODED,Danai Bergman,16.99,0,750,1
223,7,BEAST CHICAGO,Jeffrey Wahlberg,11.99,0,575,0
224,15,MILE HOBBIT,Peter Redmayne,18.99,0,657,0
225,12,PEACH BILL,Saoirse Levin,28.99,0,901,0
226,7,BEACH SUNRISE,Kurt Mulligan,13.99,0,515,2
227,1,ROCKETEER HORROR,Ray Davis, 9.99,0,528,3
228,14,ROMAN OUTBREAK,Sean Waller-Bridge,21.99,0,381,1
229,4,PRIMARY CELEBRITY,Robin Harris,19.99,0,445,0
230,9,MEMENTO ROBBERS,Hailee Cruz,17.99,0,578,0
231,8,FAMILY STORY,Reese De Niro,26.99,0,729,2
232,4,WAR CLUELESS,Donald Pacino,18.99,0,636,1
233,9,CHOCOLAT FLASH,Jane Madekwe, 9.99,0,636,1
234,9,HOBBIT BED,Keegan-Michael Quinto,28.99,0,769,2
235,5,GHOSTBUSTERS MERMAID,Mel Wong,18.99,0,342,2
236,9,WEDDING COLOR,Steve Reitman,14.99,0,458,2
237,9,SHEPHERD CONFIDENTIAL,Chevy Tucci,17.99,0,909,3
238,14,WEST FRIDA,Morfydd Lowe,11.99,0,661,3
239,8,SENSE INTENTIONS,Dan Christie,19.99,0,974,1
240,13,HORROR MOONSHINE,Vicky Jessica Parker,18.99,0,886,2
241,4,CONTROL HEAD,Melissa Cuoco,27.99,0,219,2
242,2,SISTER TORQUE,Milo Stenberg,28.99,0,828,0
243,9,STEEL CONNECTION,Archie Thompson,20.99,0,544,2
244,4,SAMURAI INSECTS,Laurence Sharma,13.99,0,781,3
245,4,CROOKED KENTUCKIAN,Robert Sanada,15.99,0,671,3
246,16,TRACY REEF,Courteney Bullock,11.99,0,114,0
247,13,HOLES WHALE,Benicio Garland,10.99,0,933,2
248,15,PATTON WATCH,Kaley Rodriguez,12.99,0,338,3
249,3,LOATHING ARABIA,Goldie Chan,15.99,0,478,2
250,2,PERFECT BERETS,Juliette Estevez,19.99,0,832,2
251,2,WON SUIT,Joaquin Rickman,26.99,0,268,1
252,7,REDS BLUES,Fionn Hamm,10.99,0,455,1
253,6,HEAVYWEIGHTS AMERICAN,Jerry Smulders,22.99,0,732,0
254,16,PIANIST VOLCANO,Seth McKellen,19.99,0,625,3
255,16,HOLOCAUST MISSION,Edward Gomez,17.99,0,642,2
256,2,MINORITY CROWDS,Yvonne Ledger,20.99,0,836,0
257,1,KRAMER FLATLINERS,Fionn Crudup,19.99,0,919,1
258,11,HURRICANE SCARFACE,Ann Odenkirk,26.99,0,397,0
259,6,FLOATS TIGHTS,Katharine Banderas,17.99,0,62,1
260,13,DOZEN DESIRE,Ken Rush,20.99,0,747,3
261,2,VALLEY HANKY,Laura H. Macy,26.99,0,247,3
262,4,CHAMPION CLUELESS,Judy Gilliam,24.99,0,549,0
263,8,CLEOPATRA HORROR,Katharine Smulders,25.99,0,337,1
264,10,HEAVENLY COLOR,Will Ifans, 9.99,0,395,2
265,1,DETECTIVE STREAK,Alden Ventimiglia, 9.99,0,341,2
266,16,GILMORE ROOM,Sonequa Cumberbatch,26.99,0,725,1
267,6,OUTBREAK ANNIE,Hilary O'Neill,21.99,0,842,2
268,13,GOLDFINGER TIMBERLAND,Ben Hawkins,24.99,0,37,3
269,4,LAWLESS SLACKER,Daniel Reynolds,19.99,0,412,1
270,11,MAJESTIC ALABAMA,Diego Aranas,28.99,0,920,1
271,6,PINOCCHIO BROTHERHOOD,Juliette Swindell,13.99,0,910,1
272,11,EXPRESS LEAGUE,Helena Hawn,21.99,0,160,3
273,1,CHRISTMAS DEER,Mila Hopkins,12.99,0,693,1
274,8,HAROLD MOD,Penelope Richards, 9.99,0,633,2
275,3,MONTEREY FRISCO,Bruce Hodge,21.99,0,523,3
276,6,CRUELTY FREEDOM,Anthony Connery,11.99,0,498,3
277,9,FRENCH CHARADE,Jurnee Tierney,27.99,0,295,2
278,4,LOVER JINGLE,Giancarlo Reedus,25.99,0,768,3
279,13,BREAKING PET,Sophia Purohit,18.99,0,46,2
280,16,MURDER QUEST,Willem Rogowski,10.99,0,897,2
281,3,TITANIC JAWBREAKER,Goldie Sarandon,10.99,0,118,1
282,14,HOPE KENTUCKIAN,Ayo Pugh,24.99,0,835,2
283,10,HALF DYING,Norman Brown,10.99,0,499,0
284,3,CASABLANCA RUSHMORE,Vicky Renner,10.99,0,772,1
285,12,BEAST REQUIEM,Noomi Considine,27.99,0,447,3
286,2,UNITED CROW,Damian Perry,19.99,0,323,0
287,8,CONFUSED DUMBO,Mark Latifah,19.99,0,404,1
288,10,TOWN BULL,Reese Ahmed,10.99,0,948,3
289,8,SPY TIGHTS,Jahi Hedlund,26.99,0,145,0
290,12,PARIS LAWLESS,Warwick Theron,25.99,0,494,1
291,2,CHAMPION HOLY,Kerry Liotta,27.99,0,570,2
292,14,LEAGUE CHILL,Lena McGregor,28.99,0,991,1
293,11,FACTORY REAR,Taika Okamoto, 9.99,0,813,3
294,14,LOSE TOWN,Katie Elordi,18.99,0,89,0
295,16,BRANNIGAN TARZAN,Naomie Mulligan,24.99,0,290,1
296,3,CLONES MANNEQUIN,Ralph Levy,19.99,0,438,1
297,2,ARSENIC PITTSBURGH,Emma Barrymore,22.99,0,554,0
298,16,PAPI MEMENTO,Matt Adams,11.99,0,289,3
299,6,SUPERFLY COMMAND,Paddy Moreno,13.99,0,264,3
300,7,FLYING CLUELESS,Harry Sharma,27.99,0,430,0
301,11,MASSACRE PSYCHO,Valerie Stan,16.99,0,959,0
302,5,BULL MAIDEN,Sonequa Bean,26.99,0,511,2
303,6,DEVIL NOTORIOUS,Stephanie Goldwyn,11.99,0,717,2
304,10,FIREBALL UNITED,James Riseborough,28.99,0,300,3
305,14,STEEL SECRETS,Naomie Sutherland,16.99,0,743,0
306,1,HANGING BACKLASH,Dwayne McElhone,13.99,0,598,0
307,10,JAWS RACER,Viggo Bonham Carter,20.99,0,741,0
308,16,BEAST ROXANNE,Boyd Sandler,24.99,0,1000,1
309,1,RULES TRADING,Dev Edebiri,10.99,0,839,1
310,4,SECRET PITTSBURGH,Shah Ford,14.99,0,941,0
311,11,TREATMENT BINGO,Tony O'Donnell,13.99,0,752,1
312,12,BORROWERS FUGITIVE,Hayden Brown,19.99,0,629,2
313,6,TYCOON SLEEPY,Sean Mount,26.99,0,140,2
314,13,WESTWARD HEAVENLY,Thomasin Applegate,21.99,0,590,2
315,3,HORN PITTSBURGH,Eddie Kazan,23.99,0,382,0
316,5,BANG WHISPERER,Yahya Alexander,15.99,0,630,0
317,7,ALICE BIRDCAGE,Zoe Brunson,20.99,0,23,1
318,6,BUNCH TOOTSIE,Cillian Thwaites,22.99,0,656,3
319,15,SECRETARY ALTER,Owen Wolfhard,28.99,0,734,3
320,1,CENTER ALADDIN,Queen Cooper,24.99,0,868,2
321,1,CROOKED GO,Wunmi Klementieff,24.99,0,903,3
322,3,CAMELOT CHISUM,Amy Bening, 9.99,0,20,2
323,5,CAMPUS UNCUT,Nikolaj Colman,25.99,0,874,2
324,7,DYNAMITE ALADDIN,Hayden Chan, 9.99,0,885,0
325,11,IDENTITY THEORY,Maria Loren, 9.99,0,698,0
326,3,DISCIPLE PRIX,Emma Swank,25.99,0,458,1
327,3,DAISY KILL,Leonardo Ortega,24.99,0,732,0
328,2,ICE ALI,Doug Brooks,18.99,0,813,0
329,1,ACE BLACKOUT,Bill Busey,25.99,0,997,0
330,1,LAWLESS DATE,Judy King,23.99,0,195,1
331,10,AIRPLANE TOWERS,Hiroyuki Oldman,22.99,0,509,3
332,2,WONDERLAND LUCK,Lauren Chau,22.99,0,706,3
333,12,SPY SPINAL,Tobey Riseborough,11.99,0,428,2
334,1,SLEUTH TITANIC,Simu Foster,11.99,0,545,1
335,16,HOLLOW RECORDS,Ethan Skarsgard,20.99,0,449,0
336,4,DYNAMITE DAZED,Ann Washington,24.99,0,838,2
337,14,INSIDER VISION,Cillian Huston,17.99,0,479,1
338,6,CLEOPATRA UNFORGIVEN,Rachel Spacek, 9.99,0,597,1
339,7,PAJAMA TREASURE,Gerard Kirby,11.99,0,298,0
340,1,COMMAND DWARFS,Saoirse Plaza,12.99,0,275,1
341,4,VANILLA MURDER,Suraaj Janssen,21.99,0,745,1
342,5,JEKYLL YENTL,Zac Lopez,11.99,0,490,1
343,7,GRINCH HAWK,Sigourney Macdonald,24.99,0,591,2
344,12,TORQUE TITANIC,Maika Baron Cohen,17.99,0,80,1
345,8,TRAFFIC BINGO,Lily Serkis,22.99,0,153,2
346,15,OKLAHOMA HOLES,Sidney Giamatti,28.99,0,428,3
347,13,SHINING RESERVOIR,Odeya Harbour,25.99,0,757,1
348,10,INDEPENDENCE PIZZA,Aparna Swank,26.99,0,902,1
349,9,CHOCOLATE JEEPERS,Kiefer Cena, 9.99,0,880,3
350,3,NEIGHBORS CONSPIRACY,Phylicia Thwaites,15.99,0,123,0
351,1,PRIVATE REUNION,Warwick Ingram,16.99,0,860,1
352,12,BROOKLYN RUGRATS,Eugene Cavill, 9.99,0,440,2
353,12,HAROLD FORREST,Sandra Martindale,17.99,0,749,0
354,3,VISION FEVER,Aubrey Cranston,22.99,0,534,2
355,6,AMERICAN BALLOON,Cobie Renner,13.99,0,326,2
356,3,FRISCO CLUELESS,Paul Quaid,22.99,0,316,1
357,11,UNTOUCHABLES BEAR,Hayley Rickman,14.99,0,568,1
358,11,CALENDAR ANONYMOUS,Sandra Farmiga,15.99,0,597,2
359,16,SAINTS BINGO,Skeet Kamal,26.99,0,617,2
360,2,SWEDEN DYING,Jeremy L. Jackson,11.99,0,242,1
361,1,FISH CLUELESS,Whoopi Grammer,20.99,0,250,1
362,9,ARABIA CONFIDENTIAL,Tom Baron Cohen,23.99,0,411,2
363,12,MAKER MOCKINGBIRD,Toby Gillan, 9.99,0,485,1
364,6,SUPER ANGELS,Ellen Schreiber, 9.99,0,633,0
365,8,LIGHTS BRANNIGAN,Hilary Shawkat,13.99,0,444,0
366,9,BUBBLE SENSE,Anthony Brown,17.99,0,391,1
367,6,EGYPT THEORY,Uma Sharma,10.99,0,766,1
368,10,DREAM FIRE,Armie Mbedu,26.99,0,917,0
369,2,PEAK CENTER,Elliot Diaz, 9.99,0,398,0
370,4,BADMAN MADIGAN,Andy Manning,10.99,0,882,0
371,9,SABRINA GUYS,Amber Stewart,18.99,0,628,2
372,12,TRAINSPOTTING ROOF,Kathy Yelchin,12.99,0,769,1
373,12,RESERVOIR ROOTS,Robin Rogen,21.99,0,375,2
374,6,CASSIDY SAINTS,Eugene Hedlund,29.99,0,178,3
375,11,BALLROOM BORROWERS,Ron Cruz,10.99,0,789,2
376,14,HEAVENLY CROOKED,Ciaran Fonda,29.99,0,966,3
377,12,SHINING HARDLY,Linda Hahn,28.99,0,5,0
378,14,TERMINATOR LOSER,Stellan Serkis,18.99,0,76,1
379,9,CELEBRITY THIEF,Kayvan Cheadle,19.99,0,841,2
380,9,IGBY OPEN,Rachel Fanning,27.99,0,125,1
381,6,WINDOW HOMICIDE,Scott Loren,24.99,0,661,2
382,7,WINDOW PERFECT,Marisa Oldman,17.99,0,787,3
383,4,RAGE EARLY,Selena Walken,25.99,0,116,2
384,9,JERSEY WATERFRONT,Shirley Abdi,22.99,0,416,1
385,4,DUCK GANGS,Rita Seinfeld,14.99,0,469,3
386,15,SHAKESPEARE GALAXY,Jason Seinfeld, 9.99,0,393,3
387,7,CRUSADE MAUDE,Judi Temple,19.99,0,507,1
388,4,PAYCHECK SUNSET,David Poitier,12.99,0,46,3
389,3,PRESIDENT JET,Jaimie Baron Cohen,21.99,0,256,0
390,12,CROOKED KICK,Demi McKellen,18.99,0,139,3
391,2,BENEATH HALF,Tony Hudson,18.99,0,669,2
392,6,SIERRA PEACH,Olga Fisher,14.99,0,762,2
393,5,OTHERS MANNEQUIN,Dominic Grace,26.99,0,851,0
394,4,INDIAN SEA,Juliette Crawford,27.99,0,955,3
395,2,BEDAZZLED UPTOWN,Kaley Ronan,10.99,0,821,3
396,13,BIRDS BLACKOUT,Sam Kuss, 9.99,0,173,1
397,5,ALI ENGLISH,Cuba Gooding Jr.,20.99,0,389,0
398,7,MIGHTY HOBBIT,Cary Driver,12.99,0,935,2
399,13,STORM DISCIPLE,Eiza Lopez,10.99,0,786,3
400,2,CENTER BANG,Kirsten Hahn, 9.99,0,908,0
401,1,SQUAD INSIDER,Seth Boutella,22.99,0,86,3
402,5,BONNIE MIDSUMMER,Mackenyu Alexander,12.99,0,170,1
403,10,TROOPERS GLEAMING,Gugu Kazan,19.99,0,732,0
404,9,ROCKETEER ODDS,Doug Rae,17.99,0,355,0
405,16,IMPOSSIBLE BASIC,Reese Renner,12.99,0,792,3
406,11,COWBOY GILBERT,Trevante Bloom,12.99,0,420,2
407,13,HARDLY SHAKESPEARE,Joel Starr,19.99,0,237,3
408,4,JUMPING BLANKET,Leonardo Jones,21.99,0,353,1
409,16,WAR ILLUSION,Jim Peters,19.99,0,562,1
410,14,CROOKED GRADUATE,Moses Harrelson,25.99,0,546,1
411,3,MALTESE VIRTUAL,Ludwig Thwaites,11.99,0,78,2
412,10,BULL COMANCHEROS,Sarah Whitaker,27.99,0,552,1
413,10,INDIAN FUGITIVE,Ana Bacall,25.99,0,428,1
414,11,HARPER POCUS,Dwayne Weaving,17.99,0,179,3
415,10,RACER NEMO,Sacha Fey,29.99,0,781,3
416,4,AUTUMN SATISFACTION,Joseph Loren,20.99,0,533,2
417,5,HUNGER BACKLASH,Benicio Poitier,11.99,0,61,1
418,3,WITCHES GREASE,Brittany Cage,24.99,0,406,2
419,3,HALLOWEEN SUNDANCE,Trevante Waititi,14.99,0,501,2
420,14,HYDE REMEMBER,Denzel Heard,23.99,0,960,3
421,9,LEBOWSKI CROSSROADS,Scott Stone,17.99,0,968,2
422,3,FRIDA TADPOLE,Garrett Posey,22.99,0,274,2
423,6,TROOPERS ELEPHANT,Harry Bates,10.99,0,783,1
424,1,MOON JEEPERS,Olivia Rourke,29.99,0,596,3
425,1,CHITTY CAUSE,Colman Lerman,28.99,0,929,1
426,2,CRAZY CHOCOLATE,Gal Park,11.99,0,382,1
427,14,UNFAITHFUL KISSING,Olivia Cheadle,18.99,0,511,0
428,6,ANTHEM REMEMBER,Cobie Connery,25.99,0,726,3
429,14,ELIZABETH CHAMBER,Emile Cassidy,28.99,0,981,0
430,13,MEET BRINGING,Margot Edebiri,15.99,0,781,0
431,16,MADNESS SEARCHERS,Kieran Buscemi,23.99,0,731,3
432,11,GROSSE CREEPERS,Kathryn Moss,25.99,0,674,0
433,8,VANISHED TWISTED,Bruce Page,26.99,0,371,1
434,11,PACKER HUNTER,Saoirse Nyong'o,17.99,0,955,3
435,15,DREAM MADNESS,Judy Rudolph,17.99,0,151,3
436,4,TADPOLE TERMINATOR,Channing Ferguson,28.99,0,839,0
437,3,SOUP OPERATION,Renee Mikkelsen,15.99,0,446,0
438,5,DRIVER WIZARD,Kumail Farmiga,28.99,1,370,1
439,7,EXTRAORDINARY LOVER,Yvonne Freeman,15.99,0,269,1
440,14,LOVELY OUTLAW,Rebel Thwaites,18.99,0,395,0
441,11,DOUBTFIRE VOLCANO,Katie Serkis,15.99,0,816,3
442,14,EXTRAORDINARY MAIDEN,Connie Garfield, 9.99,0,500,0
443,4,REDS CONTACT,Donald Neeson,27.99,0,167,2
444,6,NATIONAL LABYRINTH,Cuba Manning,15.99,0,26,3
445,9,VOLUME BOWFINGER,Ryan Holmes,19.99,0,129,2
446,12,MANCHURIAN ENCINO,Drew Purohit,21.99,0,913,3
447,15,CONQUERER EXPENDABLE,Danielle McDormand,19.99,0,797,2
448,16,LOLITA SISTER,Laura Simmons,23.99,0,9,2
449,16,ACE ELIZABETH,Imelda Oldman,23.99,0,156,3
450,7,CHILL BEACH,Brian Elordi,23.99,0,719,3
451,13,SECRETS PET,Gwendoline Kirby,24.99,0,205,1
452,16,MONEY SAGEBRUSH,Olivia Isaac, 9.99,0,392,1
453,13,LOSER SAVANNAH,Naomie Perlman,25.99,0,948,3
454,5,REIGN HEDWIG,Woody Cranston, 9.99,0,481,1
455,11,EGG DIARY,Milo Wiig,15.99,0,124,0
456,6,DOWNHILL FROST,Yahya Reedus,22.99,0,698,1
457,3,LIGHTS OKLAHOMA,Kaley Bacall,19.99,0,710,1
458,11,RIGHT KILLER,Doug Aniston,23.99,0,225,1
459,15,HORROR SIERRA,Shailene Strahovski,23.99,0,609,2
460,15,HOTEL HALF,Ben Dinklage,21.99,0,132,0
461,16,CHICKEN RIVER,Jane Ifans,18.99,0,465,2
462,1,HOUSE OTHERS,Topher Hathaway,18.99,0,824,1
463,9,DROP ARMY,Albert Cranston,27.99,0,253,3
464,3,TALENTED FOREVER,Rachel Foster,27.99,0,199,1
465,10,MAGIC GRAPES,Mark Goldberg,27.99,0,26,3
466,12,EVERYONE JUMANJI,Hugo Bassett,24.99,0,588,2
467,14,IDOLS STAGE,Emma Simmons,24.99,0,594,2
468,14,RUSH HANDICAP,Gwendoline Crowe,15.99,1,698,3
469,14,STOCK OPEN,Olga Nolte,26.99,0,764,0
470,1,SUMMER CHITTY,Linda Rae,28.99,0,438,0
471,9,PHILADELPHIA REAP,Diego Ahmed,21.99,0,426,3
472,1,CELEBRITY CROSSROADS,Elisabeth Wahlberg,21.99,0,931,1
473,12,SINNERS RULES,Denzel Whigham,26.99,0,984,1
474,12,UNCUT GOODFELLAS,Dermot Winston,14.99,0,245,1
475,7,WONKA STREAK,Woody Gooding Jr.,16.99,0,925,2
476,10,LABYRINTH SUMMER,Kelsey Van Dien,24.99,0,516,3
477,14,SASSY ALASKA,Amandla Fey,23.99,0,12,3
478,7,LION WOMEN,Daniela Swank,11.99,0,560,0
479,3,PICKUP HEAVENLY,Charlize Quaid,27.99,0,89,1
480,1,WITCHES VARSITY,Wesley Allen,13.99,0,253,1
481,11,CLUB APOCALYPSE,Robin McKenzie,11.99,0,688,1
482,15,ANONYMOUS TEMPLE,Mark Banderas,18.99,0,382,2
483,16,BEAUTY CLOSER,Nicolas Gyllenhaal,25.99,0,718,3
484,9,EMPIRE GLORY,Heath Rush,17.99,0,998,0
485,4,PATTON WAKE,Nikolaj Kurylenko,17.99,0,742,0
486,14,ROCKETEER SHANGHAI,Reese Hepburn,10.99,0,143,3
487,14,ARGONAUTS ATTACKS,William Molina,12.99,0,786,2
488,1,OCTOBER HILLS,Anson Ehrenreich,16.99,0,578,0
489,9,WRONG SUN,Ron Lyonne,22.99,0,209,1
490,1,EXPECATIONS NEIGHBORS,Chloe Rukh Khan,29.99,0,792,3
491,8,SWEET LANGUAGE,Jodie Bassett,22.99,0,735,2
492,16,PURPLE EARTH,Jack Aykroyd,13.99,0,987,0
493,8,RULES GUMP,Zachary Smollett,20.99,0,797,2
494,6,LIAISONS BREAKFAST,Kingsley Goldblum,28.99,0,618,1
495,12,AIRPORT HOBBIT,Dave Harrelson, 9.99,0,257,1
496,15,MADIGAN ROOM,Kathy Thwaites,16.99,0,386,1
497,12,VARSITY CROW,Cate Hauser,14.99,0,476,3
498,13,CHOCOLATE MIDNIGHT,Dwayne Cumberbatch,23.99,0,647,3
499,6,PHANTOM KICK,Clark Robbie,14.99,0,99,3
500,10,BEAST INCH,Vera Weaving,28.99,0,349,0
501,7,FLOATS MAKER,Alicia Dafoe,11.99,0,223,1
502,6,YENTL HOLLOW,Sylvester DeHaan,15.99,0,680,1
503,10,EVERYONE HALF,J.K. Headey,26.99,0,437,3
504,9,NOTORIOUS DUCK,Uzo Maslany,17.99,0,153,1
505,5,ACE IDENTITY,Billy Moore,12.99,0,326,0
506,16,CHICKEN PIRATES,Gael Jessica Parker,22.99,0,728,0
507,15,MOB DANCING,Rose Phoenix,11.99,0,394,0
508,5,GILMORE TYCOON,Ron Oldman, 9.99,0,432,0
509,9,PHANTOM BUTCH,Angelina Martindale,12.99,0,517,1
510,16,TIGHTS GARDEN,Joel Butler,19.99,0,206,1
511,14,UPRISING ANNIE,Ginnifer Tatum,14.99,0,29,0
512,3,CRUSADE VIETNAM,Selena Fillion,20.99,0,427,2
513,15,PLUTO GALAXY,Rebecca Harper,23.99,0,898,0
514,2,TREATMENT MOURNING,Idris Hinds,19.99,0,311,3
515,6,EVOLUTION SCALAWAG,Lisa Highmore,13.99,0,889,0
516,8,TARZAN PICKUP,Katharine Bello,14.99,0,918,0
517,15,MIGHTY SPEAKEASY,Mahershala Bobby Brown,19.99,0,34,3
518,16,AMISTAD KISSING,Kaley Rudolph,22.99,0,939,1
519,14,BIRDCAGE ORANGE,Elle Taylor-Joy,25.99,0,342,1
520,10,REEF WOMEN,James Mortensen,24.99,0,529,1
521,1,GRAPES BIRDS,Wunmi Weaver,20.99,0,784,0
522,14,TORQUE SMOOCHY,Famke Brody,26.99,0,213,0
523,1,ROCK GABLES,Danai Grint, 9.99,0,849,1
524,6,USUAL HEAVENLY,Javier Pattinson,29.99,0,409,3
525,11,BEAR BROTHERHOOD,Jahi Purohit,13.99,0,540,2
526,10,ALADDIN IGBY,Shah Posey,15.99,0,210,2
527,4,HIGHBALL CLASH,Charles Mount,24.99,0,859,0
528,10,KILL LIES,Margot MacLachlan,13.99,0,373,2
529,9,SILVERADO ROSES,Queen Ali,29.99,0,483,3
530,1,HIGHBALL MONTEZUMA,Steve Li,26.99,0,533,3
531,11,LOLA THIEF,Pom Strahovski,26.99,0,315,1
532,12,GREATEST AFRICAN,Charles Gosling,28.99,0,169,2
533,9,BARBARELLA REMEMBER,Tommy Gleeson,27.99,0,483,3
534,4,KICK CHINATOWN,Anton Cruz,18.99,0,952,0
535,14,YOUNG HARPER,Chris Fonda,11.99,0,512,1
536,2,JEDI GRAFFITI,Katie Reitman,16.99,0,867,1
537,14,BULL ORIENT,Jahi MacLachlan,12.99,0,622,0
538,5,ENOUGH CHITTY,Jurnee Jeong,22.99,0,818,3
539,2,LAWRENCE MAGNIFICENT,Abdi Griffith,16.99,0,765,3
540,3,SONG JERSEY,Kaley Holmes,29.99,0,95,1
541,6,GANDHI STREAK,Dermot Manning,23.99,0,696,0
542,7,VILLAIN CONNECTICUT,Patton Cox,29.99,0,88,3
543,14,JEEPERS GRINCH,Andre Pesci,18.99,0,473,3
544,8,NEIGHBORS COMANCHEROS,Alec Spacek, 9.99,0,596,0
545,10,MOULIN MUSKETEERS,Peter Roberts,21.99,0,919,1
546,13,GLEAMING TELEGRAPH,Djimon Poots,15.99,0,957,1
547,15,HEARTBREAKERS NASH,Simu Smulders,18.99,0,722,1
548,15,PIZZA CLUELESS,Clark Chan,18.99,0,967,0
549,11,PINOCCHIO CROWDS,Kelsey Wiig,19.99,0,284,2
550,11,MEET ALONE,Malcolm Yeoh,11.99,0,475,3
551,5,IDOLS INDEPENDENCE,Emily Rashad,15.99,0,434,1
552,5,FOOL RUSH,Christian Isaac,14.99,0,137,3
553,1,GRIT CANDIDATE,Chloe Robbie,26.99,0,154,1
554,10,TADPOLE HALF,Danielle Martin-Green,15.99,0,978,2
555,10,MANNEQUIN LIBERTY,Benicio Brie,19.99,0,553,2
556,13,KISSING PREJUDICE,Casey McDormand,15.99,0,924,1
557,8,ACADEMY MAGIC,Aaron Tucci,21.99,0,587,3
558,3,IDAHO DOOM,Jon Peele,21.99,0,595,2
559,4,BUTCH CHARIOTS,Viola Van Dien,16.99,0,566,2
560,2,CLOSER AFFAIR,Paul Maron,26.99,0,658,3
561,14,BILL PREJUDICE,Marc Mosaku,15.99,0,336,3
562,1,RANDOM DIVORCE,Evan Reedus,20.99,0,238,2
563,7,JEDI STEERS,Austin Swindell,15.99,0,671,0
564,3,HARPER FEVER,Patrice Yelchin,13.99,0,363,3
565,12,REIGN SUBMARINE,Sebastian Kirby,13.99,0,602,2
566,7,ACADEMY ROCK,Alexandra Wahlberg,24.99,0,920,3
567,6,GOSFORD VIRTUAL,Hugh Hathaway,17.99,0,390,0
568,5,EARLY MOONSHINE,Judi Cage,15.99,0,5,0
569,9,MIDNIGHT ARTIST,Freddie Bale,16.99,0,267,1
570,9,SLEUTH TOWERS,Margot Heigl,20.99,0,20,3
571,6,FLASH FLATLINERS,Ioan Keitel,11.99,0,549,2
572,5,MAGNOLIA BED,Greta Hirsch,20.99,0,399,3
573,9,JAWS CELEBRITY,Rainn Thurman,17.99,0,169,0
574,13,SLEEPLESS WORKER,Jamie Powell,12.99,0,925,2
575,4,ENDING HORROR,Colman Steenburgen,29.99,0,612,1
576,2,PATIENT DESTINATION,Ernie Tucci,28.99,0,212,2
577,8,SASSY CHANCE,Danny Lathan,29.99,0,957,1
578,13,RUNAWAY DURHAM,Dwayne Hahn,14.99,0,132,1
579,9,LIGHTS NASH,Oscar Starr,26.99,0,645,0
580,10,JUMPING DEER,Claes Falco,25.99,0,700,3
581,2,EXPENDABLE FALCON,Anna Lehman,29.99,0,430,0
582,2,FLIGHT DISCIPLE,Jerry Macdonald, 9.99,0,332,2
583,8,BARBARELLA MINDS,Judy Louis-Dreyfus,10.99,0,780,1
584,11,SUPERFLY WATERSHIP,Angela Mulroney,14.99,0,586,1
585,10,THEORY BIKINI,Lena Schwarzenegger,23.99,0,150,0
586,4,THIN DRIVING,Danai Williams,18.99,0,771,3
587,8,MISSION WON,Frankie Poesy,22.99,0,969,2
588,16,CONEHEADS ROBBERY,Carl Farmiga,24.99,0,955,1
589,12,CYCLONE NATURAL,Harris Styles,14.99,0,345,1
590,14,FLATLINERS DEVIL,Chloe Richardson,27.99,0,890,0
591,3,OPERATION DESTINY,Keira Stevens,24.99,0,823,3
592,15,TRAMP SCHOOL,Kristen Estevez,29.99,0,454,1
593,1,FORREST GOODFELLAS,Michelle Kazan,17.99,0,439,2
594,10,HOLLYWOOD GROOVE,Bradley Shaw,10.99,0,991,2
595,13,PATIENT HEDWIG,Ayo Nanjiani,14.99,0,358,3
596,8,JUMANJI MINDS,Brittany Skarsgard,11.99,0,602,3
597,16,TRAFFIC WONDERFUL,Toby Lehman,12.99,1,765,1
598,1,ROBBERY STORM,Kerry Muniz,18.99,0,210,2
599,6,NATIONAL MAGIC,Clint Cooper,29.99,0,27,0
600,10,TOWERS ELIZABETH,Kathy Hackman, 9.99,0,74,3
601,13,DYNAMITE WALLS,Brittany Banks,19.99,0,773,0
602,13,FLOATS ARABIA,Clint Fey,29.99,0,357,0
603,3,MOULIN SHANE,Hugo Fillion,25.99,0,772,1
604,1,MANCHURIAN WOLVES,Bryan Ali,18.99,0,172,2
605,5,SLEEPLESS ROOTS,Dominique Gosling,13.99,0,527,1
606,10,PARADISE WATERFRONT,Shia Rockwell,20.99,0,144,3
607,13,SNATCHERS KENTUCKIAN,Courteney Ben-Adir,10.99,0,217,0
608,15,STONE BORN,Djimon Keaton,27.99,0,588,0
609,1,MAUDE MADISON,Scott Heard,16.99,0,627,0
610,12,HONEY CONFIDENTIAL,Gwyneth Moss,19.99,0,433,2
611,8,EDGE WEDDING,Richard Oh,27.99,0,268,0
612,16,HOMICIDE KING,Bryan Beetz,28.99,0,533,3
613,1,ENDING STAR,Gugu Edgerton, 9.99,0,3,1
614,2,SHEPHERD SWEDEN,Samuel Richardson,23.99,0,498,1
615,10,EXPRESS HOLLOW,Jordan O'Neill,26.99,0,557,3
616,6,BINGO SAINTS,Forest Biles,12.99,0,563,2
617,8,CHOCOLAT PULP,Diego Shaw,27.99,0,15,2
618,6,SUSPECTS TALENTED,Edward Robbie,25.99,0,948,1
619,6,TEEN LOSE,Maura Garland,11.99,0,724,1
620,16,KNOCK BULL,Melissa Klementieff,11.99,0,490,1
621,15,NORTH AMISTAD,Jamie Mulroney,10.99,0,223,1
622,11,SNATCH SATURDAY,Ben Thwaites,22.99,0,413,1
623,14,SPEED BONNIE,Craig Ejiofor,12.99,0,704,3
624,6,MOONSHINE PIRATES,Michael Phoenix,18.99,0,309,3
625,3,FLIGHT PEACH,Salma Law,27.99,0,739,3
626,8,HANDICAP COWBOY,Gene Pike,21.99,0,595,3
627,15,DYING TIGHTS,Clint Redmayne,13.99,0,903,3
628,9,SPOILERS JASON,Clark Ingram,16.99,0,707,0
629,7,EARTH ANALYZE,Whoopi Harrelson,17.99,0,697,3
630,6,ANACONDA GONE,Gemma Chase,12.99,0,93,1
631,15,EAGLES DAY,Peter Rhodes,14.99,0,186,1
632,6,FANTASIA HEAD,Clint Li,23.99,0,569,2
633,15,STRANGELOVE RIGHT,Minnie Odenkirk,25.99,0,822,0
634,4,PRESIDENT MAJESTIC,Gillian Lyonne,17.99,0,120,0
635,2,CONTACT RIDGEMONT,Janet Levin,10.99,0,993,0
636,7,CLYDE STAGECOACH,Hayden Arquette,11.99,0,51,3
637,3,SWEDEN DRIFTER,Ellen Egerton,11.99,0,843,1
638,14,RANGE CHICAGO,Randall Waltz,22.99,0,306,0
639,6,MOONWALKER ZORRO,Harrison Loren,20.99,0,405,3
640,8,INTOLERABLE GLEAMING,Toby Gable,10.99,0,184,1
641,1,LOLA CHEAPER,Jerome Kazan,27.99,0,419,2
642,12,TRIP KANE,Zachary Ruffalo,28.99,0,551,1
643,8,QUEEN SLING,Imogen Hirsch,19.99,0,721,1
644,8,CELEBRITY CHAMPION,Neil Spall,14.99,0,170,2
645,15,GO EXPECATIONS,Tatiana L. Jackson,25.99,0,710,3
646,7,TYCOON DOZEN,Antonio Quinto,14.99,0,490,2
647,16,PSYCHO FORRESTER,Iko Hedlund,10.99,0,267,3
648,5,HYDE DRACULA,Djimon Wright,11.99,0,795,0
649,15,TOMORROW COLDBLOODED,Paddy Poitier,16.99,0,471,1
650,6,SIERRA VANISHED,Thandiwe Aykroyd,26.99,0,322,0
651,8,PRIVATE JET,Mahershala Edebiri,26.99,0,606,0
652,5,BALLOON SWEDEN,Mel Gonzalez,12.99,0,383,3
653,8,DOLLS CHINATOWN,Sacha Stenberg,14.99,0,847,0
654,10,ROLLERCOASTER RIVER,Reese Stallone,27.99,0,22,1
655,4,INSIDER RUGRATS,Johnny Eisenberg,26.99,0,829,1
656,5,CRUELTY HOCUS,Hailee Carrey,15.99,0,246,0
657,13,MASKED MUMMY,Michael Waltz,14.99,0,520,0
658,6,KILLER PATTON,Anya Sandler,13.99,0,331,2
659,12,PARADISE STREAK,Olga Cooper,18.99,0,845,3
660,6,TURN STORM,Anya Ironside,11.99,0,28,3
661,11,MONSOON BEETHOVEN,Saoirse Parris,13.99,0,645,1
662,16,INNOCENT LAWRENCE,Drew Peele, 9.99,0,429,3
663,12,HEAD CLOCKWORK,Rebel Maron,28.99,0,224,3
664,13,SENSIBILITY LANGUAGE,Frances Martindale,19.99,0,16,1
665,2,LOLA HOMEWARD,Queen Grace,20.99,0,459,3
666,16,TRIP CHAPLIN,Jennifer Quinn,23.99,0,43,1
667,5,ALADDIN HAUNTING,Julia Ejiofor,15.99,0,96,2
668,13,SASSY BUGSY,Anton Chastain,17.99,0,419,0
669,11,DECEIVER HAMLET,Greta Kamal,15.99,0,106,3
670,6,FACTORY BRIGHT,Oscar Sanada,20.99,0,977,0
671,13,OZ WORLD,Ann Hepburn,11.99,0,206,0
672,8,CANDLES NOTTING,Allison McElhone,29.99,0,508,1
673,9,BORROWERS STALLION,LaKeith Gomez,28.99,0,388,2
674,12,MATRIX CALIFORNIA,Maya Robbie,27.99,0,59,3
675,2,DOZEN CARRIE,Kieran Fishback,18.99,0,166,2
676,15,INVASION SMILE,Timothee Falco,13.99,0,264,3
677,11,HOCUS ANNIE,Chiwetel Falco, 9.99,0,943,2
678,12,FAMILY BULL,Vin Newton,27.99,0,252,1
679,5,STREAK ROOM,Austin Redmayne,29.99,0,359,3
680,16,GRIT CHICKEN,Patton Robbie,21.99,0,1000,3
681,1,NORTH IDENTITY,Mackenyu Pascal,21.99,0,271,2
682,6,DEVIL ARIZONA,Fionn Powell,29.99,0,71,0
683,5,WONDERLAND ISHTAR,Sandra Cranston,19.99,0,613,0
684,15,CANYON WOMEN,Leonardo Orser,11.99,0,288,2
685,16,MUPPET CROSSROADS,Ann Kikuchi, 9.99,0,795,1
686,4,STRICTLY DEER,Imelda Firth,14.99,0,596,0
687,4,MOTIONS VOLCANO,Simone Hinds,14.99,0,550,3
688,12,HORN HILLS,Steve Ironside,27.99,0,381,3
689,8,MALKOVICH LIAISONS,Taraji Saldana,27.99,0,192,1
690,8,HURRICANE TELEGRAPH,Archie Lyonne,25.99,0,495,2
691,9,TEQUILA NEWSIES,Sofia Hayek,12.99,0,322,0
692,8,VANISHED AUTUMN,Daniela Harrelson,10.99,0,27,3
693,16,PURPLE EXTRAORDINARY,Patrick Elordi,10.99,0,294,0
694,15,JUNGLE JUGGLER,Barry McElhone,25.99,0,495,2
695,16,ARSENIC TIMBERLAND,Jodie Adams,23.99,0,867,3
696,9,SLEUTH PARADISE,Wunmi Keaton,13.99,0,245,3
697,12,RUSHMORE LIBERTY,Fionn Spacek,25.99,0,916,3
698,5,CARRIE CROSSING,Odeya Swank,17.99,0,718,3
699,10,LOSER HEAVEN,Mary Kikuchi,24.99,0,125,2
700,11,CAT GARDEN,Jonathan Mbatha-Raw,16.99,0,347,2
701,10,GORGEOUS ORIENT,Arnold Kazan,15.99,0,975,0
702,5,GUMP RIGHT,Helena Clooney,27.99,0,884,2
703,11,HONEY MYSTIC,Zac Hinds,18.99,0,579,3
704,13,HAMLET HORROR,Zazie Hoffman,11.99,0,472,0
705,6,GATHERING EVERYONE,Leslie Grillo,29.99,0,751,1
706,1,HIGH PIZZA,Glen Lee Jones,21.99,0,768,2
707,11,CRUELTY NEWSIES,Tilda Lopez,20.99,0,345,2
708,16,AGENT ACADEMY,Morgan Byrne,16.99,0,42,3
709,5,LAWRENCE ELIZABETH,Charlize Novak,16.99,0,689,2
710,9,GARDEN TADPOLE,Judy Brody,22.99,0,64,2
711,14,STOCK MOONSHINE,Sarah Harper,14.99,0,963,3
712,13,HUMAN NORTHWEST,Katie Page,11.99,0,203,1
713,12,BUGSY CUPBOARD,Mel Ingram,27.99,0,760,1
714,10,ROBBERS AMERICAN,Sigourney Cavill,15.99,0,248,0
715,5,HUNCHBACK BARBARELLA,Imelda Edgerton,16.99,0,104,3
716,6,FLOATS SPIRITED,Danielle Neeson,14.99,0,667,3
717,8,HAPPINESS JAPANESE,Christian Spall,23.99,0,306,2
718,10,IDOLS SUIT,Michelle Reitman,18.99,0,911,3
719,5,MUSCLE ACE,Julia Cotillard,18.99,0,166,2
720,9,SPINAL MINORITY,Emma Hounsou,28.99,0,146,0
721,13,PATRIOT FULL,Amber Gomez,24.99,0,804,1
722,10,DAISY SNATCH,Valerie Janssen,18.99,0,130,3
723,15,WALLS ZHIVAGO,Walton Liu,28.99,0,406,0
724,14,MADISON GOSFORD,Emilio Theron,25.99,0,624,3
725,2,CROWDS MINORITY,Glenn Keoghan,16.99,0,816,1
726,5,SCORPION TWISTED,Cameron Eisenberg,26.99,0,682,3
727,6,POND PARTY,Hayley Malek,24.99,0,297,0
728,13,JACKET DUMBO,Morgan McKellen,17.99,0,166,2
729,10,POTTER WARDROBE,Doug Styles,25.99,0,511,3
730,3,GOODFELLAS DOORS,Donnie Wiig,12.99,0,824,2
731,15,CRUSADE DEVIL,Kathy Thompson,19.99,0,146,0
732,15,MULHOLLAND RUN,Abdi O'Neill,15.99,0,887,2
733,1,SUPERFLY MOB,Ginnifer Yeoh,29.99,0,320,0
734,13,NEIGHBORS PERDITION,Ioan Hamm,26.99,0,334,1
735,12,IDAHO COWBOY,Sacha Stone,28.99,0,498,3
736,9,ALTER JINGLE,Rob Bean,29.99,0,786,1
737,2,MARS BUBBLE,Courteney Giamatti,12.99,0,573,2
738,4,SEABISCUIT APOLLO,Kathryn Li,25.99,0,417,2
739,16,CHOCOLAT BALLOON,Bryan Statham,26.99,0,187,2
740,11,INTOLERABLE INTOLERABLE,Idris Yelchin,26.99,0,729,0
741,14,SECRETS WASTELAND,Emile Heard,17.99,0,833,3
742,2,TRAIN OZ,Seth Posey,29.99,0,713,0
743,12,ROBBERY CABIN,Alexandra Gooding Jr.,21.99,0,14,0
744,10,CARRIE WAGON,Joe Mitra,26.99,0,888,0
745,11,RIVER SPIKING,Gemma Mbedu,26.99,0,69,2
746,16,ZORRO LIFE,Macaulay Bautista,25.99,0,952,3
747,16,TROOPERS POLLOCK,Gal Wood,18.99,0,955,3
748,10,HARDLY NONE,Samuel Pascal,10.99,0,416,1
749,9,EXPRESS CARIBBEAN,Frances Cumberbatch,16.99,0,374,3
750,7,FARGO SPLASH,Nicolas Costner,22.99,0,684,3
751,8,TEQUILA ROMAN,Zachary Hoffman,11.99,0,695,3
752,6,ROOM MOTIONS,Sigourney P. Henson,24.99,0,61,0
753,9,PURPLE PERSONAL,Amy Leigh,12.99,0,216,3
754,3,HARRY GIANT,Milo Bullock,29.99,0,96,3
755,3,ROAD STATE,Nicholas Cage,29.99,0,413,3
756,4,HALF LEAGUE,Catherine Fey,21.99,0,683,2
757,14,FORWARD ORANGE,Emma Phoenix, 9.99,0,411,2
758,4,CHITTY FOOL,Melissa Clark,12.99,0,787,3
759,13,TRUMAN DOUBLE,Julia Newton,27.99,0,794,0
760,3,CREEPERS KISS,Hailee Riseborough,26.99,0,90,0
761,11,CHILL WARS,Kieran Hamm, 9.99,0,721,2
762,6,JUMANJI MIXED,Frank DeVito,24.99,0,978,1
763,7,VOYAGE BOILED,Oscar Hawn,20.99,0,500,3
764,16,VALLEY DANCES,Regina Borgnine,16.99,0,152,3
765,11,SCARFACE TRAFFIC,Nicholas Gruffudd,12.99,0,922,1
766,10,SMOOCHY GOSFORD,Russell Skarsgard, 9.99,0,210,2
767,8,SUBMARINE PARIS,Drew Hammer,16.99,0,355,0
768,13,ATLANTIS ITALIAN,Natasha Oh,21.99,0,51,1
769,8,DELIVERANCE WOLVES,Jesse Whigham,22.99,0,312,1
770,8,MODERN EASY,Michelle Cooper,29.99,0,40,0
771,13,SEARCHERS CALENDAR,Clark Sutherland,21.99,0,855,1
772,13,MARRIED LEATHERNECKS,Mel Borgnine,13.99,0,614,2
773,16,MOSQUITO EARTH,Jim Jessica Parker,13.99,0,648,3
774,3,ENCOUNTERS PHANTOM,Ryan Harbour,16.99,0,702,2
775,10,STATE INTENTIONS,Meryl Stewart,20.99,0,757,0
776,8,HOMEWARD PITTSBURGH,Aparna Chastain,27.99,0,542,1
777,7,LIAISONS COMANCHEROS,Samara Eisenberg, 9.99,0,204,3
778,9,RESERVOIR INTERVIEW,Ray Bates,17.99,0,651,0
779,16,CLEOPATRA EXPECATIONS,Garrett Dafoe,28.99,0,478,3
780,15,MADRE DOZEN,Alan de Armas,13.99,0,268,0
781,4,SUPERFLY WIFE,Warwick Binoche,18.99,0,24,0
782,1,DOLLS STORY,Jenna Cage,24.99,0,662,0
783,15,CLUE COAST,Kristen Streep,12.99,0,783,0
784,11,RAINBOW MURDER,Damian Patel,27.99,0,285,3
785,7,BULWORTH WORDS,Vin McDowell,16.99,0,92,3
786,4,ROOTS PSYCHO,Tuppence Egerton,12.99,0,832,2
787,16,FATAL DOUBLE,Tessa Chan,19.99,0,615,2
788,8,STEEL FACTORY,Walton Grant,27.99,0,569,3
789,10,PIZZA COLOR,Danny Hayek,29.99,0,474,3
790,1,SCARFACE SOLDIERS,David Quinto, 9.99,0,369,3
791,12,DEEP ALLEY,Jenna Holmes,11.99,0,814,0
792,5,VAMPIRE JUMPING,Matthew Cena,23.99,0,46,3
793,2,ENEMY GAMES,Topher Aniston,22.99,0,691,3
794,14,NEWSIES RAIDERS,Natasha Richards,13.99,0,119,2
795,8,BIRD PRINCESS,Sacha Lopez,20.99,0,956,0
796,15,BOULEVARD DARKO,Brenton Sessa,11.99,0,141,0
797,14,RIVER HARPER,Rebecca Posey,24.99,0,546,1
798,3,CHAMPION BEDAZZLED,Geoffrey Smulders,10.99,0,893,3
799,14,TWISTED FROGMEN,Alexandra Banderas,26.99,0,847,3
800,7,TORQUE BOUND,Thuso Kidman,10.99,0,655,3
801,16,PERSONAL SUNDANCE,Sacha Hathaway,14.99,0,665,2
802,16,BALLROOM VILLAIN,Shaun Seymour Hoffman,21.99,0,895,2
803,9,EYES REQUIEM,Kumail Kazan,19.99,0,59,1
804,11,EGYPT WISDOM,Evan Jolie,24.99,0,694,2
805,2,OLEANDER BLACKOUT,Kyle O'Donnell,13.99,0,404,0
806,12,SIDE CONVERSATION,Kerry Grace,11.99,0,36,2
807,6,HOLLOW REMEMBER,Elisabeth Reedus,10.99,0,742,1
808,10,CITIZEN TREASURE,Mila Brolin,22.99,0,338,0
809,9,REMEMBER SPIRIT,Demi Liotta,23.99,0,577,0
810,10,BAREFOOT SHOCK,Olga Estevez,28.99,1,473,0
811,1,DRUMLINE SLEUTH,Taika Heard,19.99,0,10,0
812,2,MUSIC ROCK,Samuel Gooding Jr.,29.99,0,376,0
813,11,PSYCHO ALABAMA,Jeremy Theron,12.99,0,728,3
814,2,GREEK COAST,Rebel Farrell,23.99,0,178,2
815,12,ANTITRUST VOYAGE,Philip Starr,28.99,0,84,2
816,6,DANGEROUS SUIT,Patton Maron,29.99,0,643,1
817,9,KICK DARKNESS,Tommy Ifans,27.99,0,214,2
818,8,RECORDS MUMMY,Boyd Blanchett,19.99,0,978,0
819,10,ROBBERY SWEETHEARTS,Olga Gonzalez,16.99,0,293,0
820,8,DATE MULHOLLAND,Dave Sutherland,21.99,0,670,2
821,16,HEAVYWEIGHTS PARIS,Willem Moreno,11.99,0,61,0
822,16,SLACKER PRESIDENT,George Cranston,21.99,0,681,1
823,14,HORROR SWEETHEARTS,Lauren Walker,14.99,0,470,1
824,5,CITIZEN LION,Jonathan Reynolds,21.99,0,130,2
825,11,RUSH FLINTSTONES,Lauren Steinfeld,17.99,0,766,2
826,11,ESCAPE POCUS,Billy Waller-Bridge,20.99,0,57,0
827,13,DOGMA MOVIE,Aidan DiCaprio,11.99,0,777,2
828,16,CASPER UNITED,Sydney Madekwe,16.99,0,768,3
829,10,COMMANDMENTS GIANT,Katharine Gordon-Levitt,29.99,0,482,0
830,6,MAGIC STAGE,Rebel Ingram,27.99,0,7,3
831,3,BEHAVIOR TURN,Glenn Sarandon,28.99,0,926,3
832,16,MISSION ANONYMOUS,Rainn Taylor-Johnson,18.99,0,107,3
833,10,BALLOON CORE,Clark Olsen,19.99,0,630,1
834,12,CHAINSAW SOMETHING,Simone Martin-Green,22.99,0,680,3
835,3,PEARL NONE,Dakota Aduba,10.99,0,110,3
836,2,KILLER CHINATOWN,Gemma Bates,25.99,0,15,3
837,1,KANE SHAWSHANK,Kate Ejiofor,14.99,0,116,0
838,3,ATTACKS NETWORK,Keegan-Michael Cassidy,10.99,0,556,1
839,2,WONKA GATHERING,Demi Tyson,11.99,0,283,1
840,11,MILLION SATISFACTION,Sadie Middleton,15.99,0,75,3
841,9,SEVEN WAR,Phylicia Murphy,15.99,0,880,3
842,9,GRAFFITI CONTROL,Ana Smith,21.99,0,970,3
843,6,MIGHTY BANGER,Jessica Shaw,27.99,0,90,2
844,10,SNOWMAN OUTBREAK,Sacha Jeong,17.99,0,467,0
845,12,DESTINATION OPERATION,Jude McDormand,28.99,0,350,3
846,10,MADNESS COLOR,Viggo Hepburn,25.99,0,794,0
847,7,SIDE HUNTER,Patrick Brunson,22.99,0,190,1
848,5,PREJUDICE GILMORE,George Hirsch,27.99,0,939,1
849,6,STING HAROLD,Kieran Goldberg,15.99,0,972,1
850,1,ATLANTIS SNATCH,Sofia Fiennes,12.99,0,992,3
851,5,DOORS TEMPLE,Corey Pattinson,23.99,0,616,0
852,8,LOCK AMISTAD,Hiroyuki Statham,28.99,0,730,1
853,15,CAMELOT SEATTLE,Anjelica Colman,28.99,0,340,3
854,7,HOLOCAUST CLEOPATRA,Cuba Flynn,23.99,0,911,3
855,2,FRANKENSTEIN SWEETHEARTS,Amandla Brody,20.99,0,903,3
856,1,DRIVER LUCKY,Heath King,23.99,0,554,2
857,15,EASY WORKING,Clint Parris, 9.99,0,480,0
858,4,TWISTED UNBREAKABLE,Tony Borgnine,23.99,0,48,2
859,3,CONFUSED SUNRISE,Carey Brody,11.99,0,631,1
860,8,ARTIST STORY,Joe Dawson,26.99,0,183,0
861,6,CLASH WAR,Stanley Liotta,16.99,0,979,1
862,7,TRAP ALONE,Quinta Bonham Carter,18.99,0,857,2
863,14,NATURAL WEST,Bradley Gillan,26.99,0,323,1
864,4,MYSTIC SCHOOL,Tina DeVito,12.99,0,479,0
865,2,LADY COWBOY,Keke Harper,22.99,0,645,1
866,4,GREATEST SPARTACUS,Colby Russell,27.99,0,513,3
867,14,PATIENT TYCOON,Benicio Costner,28.99,0,331,3
868,14,ALABAMA MUPPET,Casey Swayze,19.99,0,524,0
869,9,SUICIDES FLINTSTONES,Jena Temple, 9.99,0,264,0
870,1,DIVINE TIES,Cillian Wood,22.99,0,354,2
871,4,DETAILS HOPE,Sidney Bang,11.99,0,754,1
872,14,BONNIE JERICHO,Danny Swinton, 9.99,0,133,1
873,11,GODFATHER GENTLEMEN,Elisabeth Staunton,10.99,0,257,0
874,5,SHOOTIST EARTH,Pom Yeun,21.99,0,790,1
875,4,DIRTY FIREHOUSE,Albert Isaac,28.99,0,913,0
876,5,PEAK SHRUNK,Carey Riseborough,20.99,0,3,3
877,10,JUGGLER CAROL,Sofia Spall,21.99,0,868,1
878,2,BEAUTY ROBBERS,Brian Liotta,15.99,0,571,1
879,12,FELLOWSHIP SENSIBILITY,Ben Seymour Hoffman,24.99,0,878,3
880,11,MAUDE CLUELESS,Allison Hopper,19.99,0,887,1
881,2,WEREWOLF SLING,Idris James,12.99,0,959,1
882,15,STAGECOACH ITALIAN,James Dance,22.99,0,268,2
883,3,SLING MATRIX,Zac Adams, 9.99,0,424,0
884,6,MILLION LONELY,Alfred Page,15.99,0,482,2
885,1,ACADEMY STAGE,William Gibson,17.99,0,186,3
886,13,ROBBERS NATIONAL,Randall Liu,18.99,0,772,1
887,4,FUGITIVE MASSAGE,Willem Fisher,25.99,0,668,3
888,9,ANACONDA PERFECT,Marisa Elba,17.99,0,957,1
889,6,PAJAMA BEAUTY,Tim Cotillard,12.99,0,476,3
890,13,SAVANNAH MIXED,Sissy DeVito,16.99,0,164,1
891,15,TROJAN ARMY,Wesley Rashad,20.99,0,232,0
892,8,PRIX SEABISCUIT,Jon Sink,14.99,0,668,0
893,10,FIREBALL NOON,Patrice Kurylenko,15.99,0,952,0
894,10,MILE SOUTH,Zach Swank,25.99,0,749,2
895,8,GLEAMING TITANIC,Emilio Muniz,11.99,0,129,2
896,2,DRAGONFLY MUPPET,Bette Farmiga,14.99,0,616,3
897,5,PEAK SISTER,Iko Johansson,29.99,0,302,3
898,10,IRON WAR,Marion Gordon-Levitt,20.99,0,282,3
899,8,MURDER LOVE,Christina Blunt,19.99,0,445,2
900,11,MURDER ELIZABETH,Mila McGregor,10.99,0,131,1
901,9,SWEDEN MARS,Ken Kunis,28.99,0,901,2
902,13,INTENTIONS GREASE,Nathan Mulligan,29.99,0,777,0
903,2,STALLION UNITED,Rita Pesci,29.99,0,397,2
904,16,EYES MINDS,Jena James,23.99,0,968,1
905,3,CHITTY CRAFT,Alec Redmayne,17.99,0,664,0
906,10,BOULEVARD WEDDING,Henry Parris, 9.99,0,107,3
907,4,JUGGLER NOTTING,Alicia Smith,11.99,0,482,2
908,5,WASH APACHE,Stanley MacLachlan,25.99,0,641,3
909,2,GAMES ATTRACTION,Selena Crudup,24.99,0,543,0
910,1,COMFORTS EGYPT,Alison Spacek,14.99,0,876,1
911,3,WEDDING MINORITY,Rhona Radcliffe,18.99,0,349,1
912,1,COWBOY CHOCOLAT,Colman Skarsgard,14.99,0,384,0
913,1,UNFAITHFUL CASABLANCA,Jodie Buscemi,18.99,0,333,1
914,10,LONELY YOUNG,Kelsey Sutherland,26.99,0,305,2
915,3,HEAVYWEIGHTS BUCKET,Mickey Keitel, 9.99,0,508,0
916,12,KARATE THEORY,Rosario Skarsgard, 9.99,0,928,2
917,16,AFFAIR ARMAGEDDON,Sonequa Holland,13.99,0,766,3
918,10,NASH SUICIDES,Kelsey DiCaprio,23.99,0,37,1
919,4,SUNSET INVASION,Drew Johnson,22.99,0,101,1
920,3,MAIDEN ANACONDA,Kathryn Murphy,22.99,0,964,2
921,12,DAWN FORWARD,Hailee Lee,24.99,0,603,1
922,6,VANISHING CONFESSIONS,Amandla Olsen,26.99,0,504,0
923,4,DARKNESS GOODFELLAS,Orlando Oldman,25.99,0,367,1
924,12,FACTORY TOWERS,Maggie Ferguson, 9.99,0,147,1
925,6,FICTION STAMPEDE,Ayo McDormand,25.99,0,772,3
926,13,SLUMS LOVER,Kate Sink,28.99,0,208,2
927,14,OPEN TIMBERLAND,Aldis Cage,27.99,0,298,1
928,8,BRIGHT MONTEREY,Cuba Sink,17.99,0,803,2
929,11,GREEDY AMISTAD,Jessica Kazan,21.99,0,311,0
930,12,GALAXY LOSE,Charlize Harbour,21.99,0,286,2
931,5,SILENCE DANGEROUS,Cary Reedus,26.99,0,982,0
932,14,HORN SAVANNAH,Jesse Giamatti,20.99,0,946,0
933,4,JEDI RAGE,Joseph Garcia Bernal,22.99,0,879,3
934,5,INDIAN WIZARD,Katherine Strahovski,25.99,0,296,3
935,10,CONTACT APOLLO,Juno Monroe,24.99,0,837,0
936,16,POSEIDON GORGEOUS,Maika Wright,28.99,0,934,1
937,16,HARRY SMOOCHY,Sarah Reynolds,20.99,0,717,0
938,11,SIDE BACKLASH,Cate McAdams,10.99,0,775,2
939,4,HEAVENLY MOVIE,Dakota James,27.99,0,191,1
940,9,SASSY DONNIE,Jean Ulrich, 9.99,0,221,3
941,13,SORORITY DAY,Queen Starr,10.99,0,342,0
942,6,ALAMO WAIT,Ben Van Dien,13.99,0,554,1
943,4,ROAD POND,Moses Posey,11.99,0,612,2
944,3,DADDY WASH,Lupita Abdi,27.99,0,472,2
945,11,WIZARD MONSOON,Ann Spacek,25.99,0,992,3
946,2,FOREVER GRADUATE,Macaulay Kidman,21.99,0,346,1
947,4,OSCAR VIRGIN,Miles Reedus,24.99,0,668,1
948,7,EASY NOTTING,Shea Ackles,20.99,0,709,2
949,13,TENENBAUMS LEGALLY,Marc Murphy,28.99,0,117,2
950,12,CRUSADE LEATHERNECKS,Jackie Adams,17.99,0,185,0
951,11,TRAINSPOTTING RUGRATS,Brenton Wright,29.99,0,122,3
952,6,ROOM RESERVOIR,Saoirse Tyson,10.99,0,484,2
953,8,PATHS FORRESTER,Eugene Anderson,10.99,0,305,1
954,6,TREASURE FIREBALL,Shirley Hill,16.99,0,848,1
955,3,CLYDE DESPERATE,Yahya Walker,23.99,0,914,2
956,10,HOLIDAY PATHS,Steve Fillion,21.99,0,908,3
957,3,GUMP CHITTY,Christoph Moss,17.99,0,585,1
958,11,ESCAPE TOOTSIE,Skeet Cooper,25.99,0,820,3
959,8,CONNECTICUT PEARL,Sissy Adams,10.99,0,155,3
960,10,LAWLESS SALUTE,Jamie Kirby,24.99,0,82,3
961,2,BREAKING OSCAR,Anna Harbour,13.99,0,231,0
962,5,FERRIS LEATHERNECKS,Josh Anderson,13.99,0,507,0
963,13,ANALYZE SANTA,Burt Redmayne,19.99,0,629,3
964,6,FULL ANYTHING,Jaimie Ejiofor,17.99,0,814,1
965,16,WOMEN DIRTY,Lauren Bang,24.99,0,602,0
966,3,TIGHTS WESTWARD,Antonio Diesel,14.99,0,831,1
967,16,DONNIE SUNDANCE,Selena Thompson,15.99,0,103,3
968,6,IRON DETECTIVE,Rita Sandler,27.99,0,832,1
969,4,GOLD OCTOBER,Topher Hunter,16.99,0,178,1
970,7,ADAPTATION GRAPES,Maggie Riseborough,24.99,0,533,2
971,2,MIGHTY JET,Sam Steenburgen,19.99,0,637,1
972,6,CHOCOLATE VARSITY,Halle Ruffalo,28.99,0,815,3
973,4,MONTEREY OPEN,Heath Novak,23.99,0,168,1
974,11,SMILE LICENSE,Anne Edebiri,15.99,0,933,0
975,8,HOCUS FRISCO,Olga Reeves,28.99,0,515,1
976,14,EXTRAORDINARY ATTACKS,Maika Page,10.99,0,285,1
977,7,REEF BIRDCAGE,Sonequa Plaza,21.99,0,121,2
978,14,ALAMO NORTHWEST,Judi Abdul-Mateen II,29.99,0,269,2
979,11,STAGE HALF,Abdi Wilson,20.99,0,692,0
980,3,PEAK CANYON,Shah Mitra,23.99,0,574,2
981,14,TIMBERLAND FROGMEN,Adrien Kier,24.99,0,9,0
982,1,PIRATES POCUS,Jerry Palmer,23.99,0,442,2
983,8,GARDEN TIGHTS,Morgan Moore,25.99,0,307,2
984,13,LEAGUE BRANNIGAN,Ingrid Gordon-Levitt,16.99,0,909,1
985,13,RAINBOW CHOCOLATE,Adrien Yelchin,12.99,0,700,2
986,3,WON CHARIOTS,Alexander Skarsgard,20.99,0,655,0
987,1,SAVANNAH JUMPING,Keke Mulligan,11.99,0,896,2
988,4,CROOKED HOURS,Milo Lowe,17.99,0,662,1
989,2,SPICE BULL,Gael Oldman,23.99,0,168,2
990,5,HYDE PREJUDICE,Hayden Liotta,12.99,0,29,2
991,4,BAKED MODERN,Barry Reynolds,19.99,0,657,0
992,11,ARABIA COMA,Mel Biles,29.99,0,330,1
993,15,NIGHTMARE HAUNTING,Gugu Mosaku,27.99,0,911,0
994,3,ILLUSION SCORPION,Don Spencer,12.99,0,18,1
995,16,HORN BENEATH,Stanley Cage,19.99,0,957,0
996,16,BEVERLY LOUISIANA,Anya Fillion,20.99,0,716,3
997,11,HAUNTED BLACKOUT,Tao Styles,26.99,0,760,0
998,6,CARIBBEAN HANOVER,Chaske Maslany,15.99,0,289,0
999,1,BEAUTY RECORDS,Dennis Cheadle,15.99,0,515,1
1000,3,SUPER TROJAN,Tina Bening,26.99,0,814,3
